{"cameraMode":{"drawMode":0,"name":"Shaded","section":"Shading Mode"},"sceneLighting":false,"audioPlay":false,"sceneViewState":{"m_AlwaysRefresh":false,"showFog":true,"showSkybox":false,"showFlares":true,"showImageEffects":true,"showParticleSystems":true,"showVisualEffectGraphs":true,"m_FxEnabled":true},"in2DMode":false,"pivot":{"x":-2.0450000762939455,"y":1.3095639944076539,"z":19.338300704956056},"rotation":{"x":-0.030269615352153779,"y":0.9675342440605164,"z":-0.14118486642837525,"w":-0.20743687450885774},"size":1.4533461332321168,"orthographic":true}