{"cameraMode":{"drawMode":0,"name":"Shaded","section":"Shading Mode"},"sceneLighting":false,"audioPlay":false,"sceneViewState":{"m_AlwaysRefresh":false,"showFog":true,"showSkybox":false,"showFlares":true,"showImageEffects":true,"showParticleSystems":true,"showVisualEffectGraphs":true,"m_FxEnabled":true},"in2DMode":false,"pivot":{"x":-2.0450000762939455,"y":1.3095639944076539,"z":19.338300704956056},"rotation":{"x":-0.00011688048834912479,"y":0.9915372133255005,"z":-0.0008918216335587204,"w":-0.12983278930187226},"size":1.4533461332321168,"orthographic":true}